{"cameraMode":{"drawMode":0,"name":"Shaded","section":"Shading Mode"},"sceneLighting":true,"audioPlay":false,"sceneViewState":{"showFog":true,"showMaterialUpdate":false,"showSkybox":false,"showFlares":true,"showImageEffects":true,"showParticleSystems":true},"in2DMode":false,"pivot":{"x":-4.76837158203125e-7,"y":2.8595809936523439,"z":-0.0994182825088501},"rotation":{"x":0.09923071414232254,"y":0.8292967081069946,"z":-0.156055748462677,"w":0.5273504257202148},"size":3.5160329341888429,"orthographic":true}